upc,title,description,image_url,product_url
mead_0,ERASER PEN,,,
mead_1,PILOT PEN P-500,,,
7033020119,BOX PENS,,,
38576905306,five star/mead 1 pocket folder,,,
43100042099,Five star 3 subject wide rule,,,
43100044215,70 SHEET WIDE RULED SPIRAL,,,
43100052067,WIDE RULED NOTEBOOK,,,
43100055129,1 Subject Spiral Notebbook 70 Sheets,,,
43100056379,MEAD 3 SUBJECT WIDE,,,
43100056522,5 wide ruled notebook,,,
43100057482,3 SUB COLLEGE RULED SPIRAL,,,
43100061120,five star 5 subject college ruled,,,
43100061885,college ruled notebook,,,
43100062066,1 COLLEGE RULED NOTEBOOK 100 SHEETS,,,
43100073345,COLLEGE RULED 70 PAGES NOTEBOOK,,,
43100073383,college ruled 70 pages,,,
43100073406,spirel notebook wide ruled 70 sheets,,,
43100073468,COLLEGE RULED 70 PAGES NOTEBOOK,,,
43100073505,college ruled 70 sheet,,,
43100073543,spirel noebook wide ruled 70 sheets,,,
43100073567,College ruled 70 sheet,,,
43100073604,college ruled 70 seet,,,
43100073642,wide ruled notebook 70 sheets,,,
43100073680,WIDE RULED NOTE BOOK 70 SHEETS,,,
43100073741,WIDE RULED NOTEBOOK 70 SHEET,,,
43100073864,COLLEGE RULED NOTEBOOK 70 SHEETS,,,
43100073888,WIDE RULED NOTEBOOK 70 SHEET,,,
43100073956,WIDE RULED NOTEBOOK 70 SHEETS,,,
43100074007,WIDE RULUD NOTEBOOK 70 SHEET,,,
43100074021,1 sUBJECT sPIRAL,,,
43100074045,wide ruled notebook,,,
43100074533,MEAD COLLEGE RULEDNOTEBOOK 70 COUNT ASST.,,,
43100080961,5STR 1SUB NOTEBK,,,
43100085058,FIVE STAR: 5 Subject - College Ruled 200 sheet,,,
43100092995,five star college ruled 100 sheet,,,
43100093855,MEAD: COMPOSITION BOOK FIVE STAR - RED,,,
43100095071,mead compbook wide ruled 70 ct,,,
43100095897,WIDE RULED 70 COUNT NOTEBOOK,,,
43100095958,mead compbook wide ruled 70 ct,,,
43100096542,notebook composition,,,
43100096566,COMPOSITION NOTEBOOK COLLEGE RULE,,,
43100096580,notebook,,,
43100096603,college ruled 70 sheets,,,
43100096627,notebook,,,
43100096665,notebook,,,
43100096726,COMPOSITION NOTEBOOK 70 SHEETS,,,
43100096788,NOTEBOOK,,,
43100096801,college ruled notebook,,,
43100096849,notebook composition,,,
43100096863,notebook composition,,,
43100096900,notebook composition,,,
43100096948,notebook composition,,,
43100096986,composition notebook college ruled 70 sheets,,,
43100097006,notebook composition,,,
43100097068,UP&UP COMPOSITION NOTEBOOK 70 SHEEET,,,
43100097167,notebook composition,,,
43100103110,MEAD COMPOSITION BOOK FIVE STAR BLACK 100 sheets,,,
43100103196,MEAD COMPOSITION BOOK FIVE STAR,,,
43100103370,wide ruled composition book 100 sheets,,,
43100103691,MEAD: WIDE RULED COMPOSITION BOOK- GREEN,,,
43100103714,MEAD: COMPOSITION BOOK FIVE STAR,,,
43100103752,MEAD: WIDE RULED COMPOSITION BOOK- YELLOW 100 sheets,,,
43100103813,43100103813,,,
43100103837,FIVE STAR NOTEBOOK,,,
43100103851,college ruled composition bbook five star,,,
43100103875,notebook,,,
43100103899,FIVE STAR COLLEGE RULED,,,
43100103936,MEAD: COLLEGE RULED COMPOSITION BOOK,,,
43100110736,FIVE STAR 3 SUBJECT COLLEGE RULED NOTEBOOK 150 SHEETS,,,
43100150084,WHITE PAPER COLLEGE RULED,,,
43100150831,FILLER PAPER REINFORCED,,,
43100151036,Mead Wide Ruled 150 sheets,,,
43100151111,150 college ruled paper,,,
43100152002,WIDE RULED PAPER 200 SHEETS,,,
43100153269,COLLEGE RULED PAPER,,,
43100290285,"MEAD 1"" CUSTOMIZABLE BINDER",,,
43100291923,FIVE STAR ZIPPER BINDER,,,
43100330554,2 pocket folder,,,
43100336273,Five Star 2 Pocket Customizable Folder,,,
43100337799,4 POCKET FOLDER,,,
43100340607,FIVE STAR REPORT COVER,,,
43100344155,2POCKET FOLDER,,,
43100344193,FIVESTAR 2 POCKET FOLDER WIT,,,
43100344230,FIVE STAR 2 POCKET FOLDER WITH PRONG,,,
43100344254,2 pocket folder,,,
43100344278,2 POCKET PRONG FOLDER,,,
43100344339,2 POCKET & PRONG FOLDER,,,
43100344391,PRONG FOLDER,,,
43100344650,2 POCKET FOLDER W/ PRONG,,,
43100344674,2 POCKET FOLDER W/PRONGS',,,
43100344698,FIVE STAR 2 POCKET,,,
43100350132,MEAD EXPANDING FILE,,,
43100350965,Five Star 5 Tab Binder Ready Expanding File,,,
43100352259,6 POCKET FILE,,,
43100356011,MEAD: 2 POCKET FOLDER-PURPLE,,,
43100356035,FOLDER,,,
43100356059,MEAD: 2 POCKET FOLDER-GREY,,,
43100356073,MEAD FIVE STAR 2 POCKET FOLDER.,,,
43100356097,folder,,,
43100356158,MEAD: 2 POCKET FOLDER-RED,,,
43100356172,FOLDER,,,
43100370994,folder,,,
43100371014,five star customizable folder,,,
43100371038,FIVE STAR 2 POCKET FOLDER,,,
43100371076,MEAD: 2 POCKET FOLDER-ORANGE,,,
43100371113,MEAD: 2 POCKET FOLDER-YELLOW,,,
43100373070,2 pocket customized folder,,,
43100373919,Mead Customizable Folder,,,
43100374015,2 POCKET FOLDER,,,
43100374039,FIVE STAR 2 POCKET FOLDER,,,
43100374053,2 POCKET FOLDER,,,
43100374077,2 POCKET FOLDER,,,
43100374091,FIVE STAR: 2 POCKET FOLDER- GREEN,,,
43100374114,FIVE STAR: 2 POCKET FOLDER-YELLOW,,,
43100374138,2 POCKET FOLDER,,,
43100374152,FIVE START: 2 POCKET FOLDER STAY- PUT TABS,,,
43100374176,FIVE STAR: 2 POCKET FOLDER-PINK,,,
43100374190,FIVE STAR: 2 POCKET FOLDER-WHITE,,,
43100454311,3X5 Memo Book,,,
43100456025,43100456025,,,
43100516224,2 Pack Notebinder - 1 Inch - 200 Sheet,,,
43100549888,Sketch Pad Heavy Duty,,,
43100571305,5X3 WH MEMO PADS 4 PK,,,
43100571308,4 WHITE MEMO PADS,,,
43100596066,8.5X11 WHITE LETTER PAD 50 CT,,,
43100631309,3X5 Wirebound Ruled Index Cards,,,
43100631385,Riled Index Cards 50 Cards,,,
43100633501,3X5 WH RULED INDEX CD 100 CT,,,
43100731849,FIVE STAR 3 SUBJECT WIDE,,,
43100750246,MEAD WHITE ENVELOPES 50,,,
43100750284,envelopes 65 ct.,,,
43100750857,Envelopes - #6.75 - Press and Seal - Box of 40,,,
43100750871,Envelopes - #10 - Press and Seal - Box of 30,,,
43100751007,White Small Envelopes,,,
43100752127,Small Envelope,,,
43100752141,Envelope Large,,,
43100760122,4 CLASP ENVELOPES,,,
45173065326,96 construction paper,,,
45173546511,OAK TAG BLUE,,,
45173546610,Poster Board Green,,,
45173546818,Poster Board Pink,,,
45173546917,OAK TAG,,,
45173547112,OAK TAG,,,
45173547211,Poster Board Yellow,,,
45173547518,Poster Board Red,,,
45173547815,Poster Board Orange,,,
45173548119,Poster Board Black,,,
45173548416,OAK TAG,,,
51135208335,"8"" Scotch Scissors",,,
60160023969,9 BY 6 BINDER,,,
60160459850,1'5 SOFT BINDER,,,
70330189881,Bic 5 pack pens,,,
70330196643,BIC KIDS PEN-BLACK INK W/STC,,,
70330201187,RED BIC PENS 12 PACK medium,,,
70330201194,BLK MED ROUND STICK 12BX,,,
70330201200,BIC PENS 12 PACK medium,,,
70330201200,BOX BIC PEN,,,
70330201293,12 BIC PENS BLACK fine,,,
70330201309,12 PACK PENS BLUE fine,,,
70330312579,hightlighters,,,
70330351707,Bic Atlantis Medium Ball Pen Ultra Comfort 1 Pen,,,
70330426023,BIC PENCIL 0.5 6PK,,,
70330426030,BIC PENCIL 0.7 6PK,,,
70330436596,BIC PENCIL 40PK,,,
70330503076,BIC- COVER IT CORRECTION FLU,,,
70330505230,CORRECTION TAPE,,,
70330505926,big wite out 2 pack,,,
70330506046,BIC WHITE OUT,,,
70330506206,Bic Wite out,,,
70330506947,WHITE OUT,,,
70330536920,BIC PENS,,,
70330655522,BRITE LINER BLUE BOX 12,,,
70330655546,BRITE LINER PINK BOX 12,,,
70330655560,BRITE LINER GREEN BOX 12,,,
70330802490,COOSH HEADPHONES,,,
70330900318,4 COLOR PEN,,,
70330903388,BRITE LINER ORANGE BOX 12,,,
70330905764,MECHANICAL PENCIL PACK,,,
70330906099,RED PENS,,,
70330908376,5 pc. highlighter,,,
70330911871,LEAD PENCIL .05 5 CT.,,,
70330911888,LEAD PENCIL .07 5 CT.,,,
71641098039,HIGHLIGHTER,,,
71641251625,Sharpie Yellow Highlighter 2 pk,,,
71641251748,HIGHLIGHTER,,,
71641271623,2 PK HIGHLIGH TER,,,
71641271746,SHARPIE HIGHLIGHTER,,,
71723095925,5 STAR REINFORCED FILLER PAPER WR 80 CT.,,,
72512003688,PENTEL SHARPLEL-2 0.5,,,
72512007075,0.3mm LEAD - HB 12 PK TUBE,,,
72512007365,Pentel .05 Lead,,,
72512007631,0.5 LEAD,,,
72512007686,07 lead,,,
72512008911,OIL PESTEL,,,
72512008973,25 COLORS OIL PASTELS,,,
72512027660,ERASER,,,
72512031162,0.7 LEAD,,,
72512057476,Pentel Presto Jumbo Correction Pen,,,
72512130742,.7 LEAD PENCIL,,,
72512130773,0.7 LED PENCIL,,,
72512132579,Pentel icy Mechanical #2 Pencil 0.7MM Medium,,,
72512178416,ERASERS,,,
72512185346,.03 Lead Pencil,,,
72512224526,GEL PEN,,,
72512229125,GRAPHGEAR .3 PENCIL,,,
72512231340,OIL PESTELS,,,
72512234846,PEN,,,
72512235102,pentel art .25mm,,,
72512242421,PEN,,,
72512243985,PENTEL TWIST ERASE AUTOMATIC PENCIL 0.5MM,,,
72512246146,PENCILS 2PK,,,
72512253489,PENTEL PENCIL 2 CT.,,,
72512256596,.3 LEAD PENCIL,,,
72512262689,72512262689,,,
72512263594,.05 Lead 2 Pk,,,
72512273982,HIGHLIGHTER,,,
72512281888,LEAD PENCIL 0.3MM,,,
72512282328,PENTEL LIQUID GEL PENS,,,
72512705018,0.7 LEADS,,,
72838114433,PEN,,,
72838114464,blue pen,,,
72838121301,BLACK MARKER,,,
72838151513,G2 5PK Asst Colors,,,
72838152688,PILOT THE BETTER,,,
72838196972,Frixion Black Erasable Pen,,,
72838197009,Frixion Blue Erasable Pen,,,
72838210111,PILOT G-2 07,,,
72838210593,erasable pen,,,
72838210746,erasable pen,,,
72838250018,PILOT PENS 2PK,,,
72838250100,PILOT PENS 2PK,,,
72838260505,.05mm v5 Precise black RT,,,
72838261021,PILOT VALUA PACK,,,
72838300065,BETTER RET BLUE MED,,,
72838310095,2G PILOT EXTRA FINE,,,
72838310286,Pilot G2 red fine 07,,,
72838310538,G2 MECHANICAL PENCIL 2 PILOT,,,
72838310798,PILOT PENS,,,
72838311009,G2 PENCIL SET,,,
72838311030,PILOT G-2 PEN,,,
72838311047,G2,,,
72838311054,G2 PEN Pilot,,,
72838311061,G2 Pilot Pen Green,,,
72838311078,G2 Pilot Pen Purple,,,
72838311702,PILOT,,,
72838311719,PILOT G2,,,
72838311726,PILOT G2 (RED),,,
72838312372,G2 PEN,,,
72838312716,G2 0.38 2PK BLACK PEN,,,
72838312778,G2 ULTRA FINE BLK BULK 0.38mm,,,
72838313218,G2 PEN,,,
72838314741,FRIXION PEN,,,
72838314758,peb blue,,,
72838314819,FRICTION EARSEABLE PEN RED,,,
72838318305,PILOT ACROBALL,,,
72838318312,PILOT PEN,,,
72838318749,pink pen,,,
72838322104,ET RET BLK FINE BULK,,,
72838322111,ET RET BLUE FINE BULK,,,
72838322128,ET RET RED FINE BULK,,,
72838322302,Pilot Easy touch fine blk,,,
72838322418,PilotEasy Touch Med,,,
72838324177,Pilot Pens Retractable - Black Box of 12,,,
72838324665,ERASABLE PEN,,,
72838325204,FRIXION PEN,,,
72838325211,FRIXION PEN,,,
72838325228,FRIXION PEN RED,,,
72838353443,Pilot Precise V5 blue,,,
72838353894,PILOT PRECISE V5 RED,,,
72838353931,PRESICE V7,,,
72838353955,EASYTOUCH PEN,,,
72838353962,EASYTOUCH PEN MED,,,
72838354556,PRECISE V7 RT PEN,,,
72838354563,PRECISE V5 RT PEN,,,
72838354570,PRECISE V5 PEN,,,
72838354587,PEN,,,
72838354631,PRECISE V7,,,
72838354815,PILOT G.TEC.C,,,
72838354846,.4 10 PACK,,,
72838354952,G-TEC .4 PEN,,,
72838354969,G-TEC 0.4 PEN,,,
72838354976,.4 PEN,,,
72838354990,.4 PEN,,,
72838355805,PILOT FINE EASYTOUCH,,,
72838355812,pilot easy tocuh fine,,,
72838386304,"Precise P-500 0,5 BLACK",,,
72838414007,GOLD AND SILVER PILOT MARKER,,,
72838415004,GOLD MARKER XF 1 PK,,,
72838416001,SILVER MARKER XF 1 PK,,,
72838441096,JUMBO PERMANENT MARKER,,,
72838510242,PILOT G-2 LED PENCIL .5,,,
72838510259,PILOT PENCIL SIZE 0.7,,,
72838913036,BALL POINT GOLD PEN,,,
72838913050,pilot pen,,,
78910292518,"Mead 1 Inch Binders, D Ring Binder, Durable",,,
78910316009,BINDER #W31600A,,,
79784387799,X-TRM BINDER,,,
82664015309,Pencil Case W/ Holes,,,
87508062525,NASCAR JUMBO BOOK COVER,,,
91141616120,CRAYON HOLDER,,,
490810308234,POLYTEK BINDER,,,
672672863452,"2"" ZIPPER BINDER #86345",,,
680175816219,BINDER CLIPS,,,
775749085402,Pom Poms,,,
801654116440,BUSINESS CARD HOLDERS,,,
816124011040,WIDE RULED NOTE BOOK - 150 SHEETS,,,
826640997469,3'BINDER,,,
878848864401,"8"" TEMP REG. GLUE STICK 6PCS",,,
878848864425,"4"" MINI STICK GLUE",,,
878848864432,ALL TEMP MINI GLUE STICKS 20PK,,,
3086123419629,BIC PEN,,,
5029053571980,Kleenex soft,,,
50072838260623,"PEN,PRECISE,V5",,,
680175816158,Staple Remover W Safety Lock 2 Pk,,,
