Picture,Number,Name(Zh),Name(En),Name(Es),Name(It),Category,Department,Custom Category,Brand,Custom Brand,UPC Code,Origin(UPC),Description,IPK Code,Origin(IPK),Case Code,Origin(Case),Craft(Zh),Craft(En),Craft(Es),Craft(It),Case Rate,Case Length(ft),Case Width(ft),Case Height(ft),Case Cube(ft続),Case Weight(lb),Layer Rate(Case),Pallet Rate(Case),IPK Rate,IPK Length(ft),IPK Width(ft),IPK Height(ft),IPK Cube(ft続),IPK Weight(lb),Layer Rate(IPK),Pallet Rate(IPK),Dozen Rate,Dozen Length(ft),Dozen Width(ft),Dozen Height(ft),Dozen Cube(ft続),Dozen Weight(lb),Layer Rate(Dozen),Pallet Rate(Dozen),Piece Length(ft),Piece Width(ft),Piece Height(ft),Piece Cube(ft続),Piece Weight(lb),Layer Rate(Piece),Pallet Rate(Piece),Future Sale Manage Rate
,mq-24-7blcf,CASIO WATCH,CASIO WATCH,CASIO WATCH,CASIO WATCH,Others,Impulse,Watches,CASIO,CASIO,79767223830,79767223830,,,,,,,,,,,,,,,,,,,,,,,,,,,,,,,,,,,,,,,,,
,,CASIO MENS ANALOG WATCH,CASIO MENS ANALOG WATCH,CASIO MENS ANALOG WATCH,CASIO MENS ANALOG WATCH,Others,Impulse,Watches,CASIO,CASIO,79767945312,79767945312,,,,,,,,,,,,,,,,,,,,,,,,,,,,,,,,,,,,,,,,,
,SAMPLE ASK BY REGISTER,Casio F-91 Watch,Casio F-91 Watch,Casio F-91 Watch,Casio F-91 Watch,Others,Impulse,Watches,CASIO,CASIO,77,77,,,,,,,,,,,,,,,,,,,,,,,,,,,,,,,,,,,,,,,,,
,,CASIO CLASIC MENS ANALOG WAT,CASIO CLASIC MENS ANALOG WAT,CASIO CLASIC MENS ANALOG WAT,CASIO CLASIC MENS ANALOG WAT,Others,Impulse,Watches,CASIO,CASIO,79767572457,79767572457,,,,,,,,,,,,,,,,,,,,,,,,,,,,,,,,,,,,,,,,,
,,Casio SS A178 boys,Casio SS A178 boys,Casio SS A178 boys,Casio SS A178 boys,Others,Impulse,Watches,CASIO,CASIO,79767759384,79767759384,,,,,,,,,,,,,,,,,,,,,,,,,,,,,,,,,,,,,,,,,
,mq-241b3lcf,CASIO WATCH,CASIO WATCH,CASIO WATCH,CASIO WATCH,Others,Impulse,Watches,CASIO,CASIO,79767831295,79767831295,,,,,,,,,,,,,,,,,,,,,,,,,,,,,,,,,,,,,,,,,
,CASMQ24-7B3,Casio Women Watch,Casio Women Watch,Casio Women Watch,Casio Women Watch,Others,Impulse,Watches,Casio,Casio,79767848132,79767848132,,,,,,,,,,,,,,,,,,,,,,,,,,,,,,,,,,,,,,,,,
,,BLACK CASIIO WATCH,BLACK CASIIO WATCH,BLACK CASIIO WATCH,BLACK CASIIO WATCH,Others,Impulse,Watches,CASIO,CASIO,79767954406,79767954406,,,,,,,,,,,,,,,,,,,,,,,,,,,,,,,,,,,,,,,,,
,mq-24-1elcf,CASIO MENS CLASSIC ANALOG WA,CASIO MENS CLASSIC ANALOG WA,CASIO MENS CLASSIC ANALOG WA,CASIO MENS CLASSIC ANALOG WA,Others,Impulse,Watches,CASIO,CASIO,79767223823,79767223823,,,,,,,,,,,,,,,,,,,,,,,,,,,,,,,,,,,,,,,,,
,,CASIO ALARM,CASIO ALARM,CASIO ALARM,CASIO ALARM,Others,Impulse,Watches,CASIO,CASIO,79767542085,79767542085,,,,,,,,,,,,,,,,,,,,,,,,,,,,,,,,,,,,,,,,,
,,MENS WATCH W96H-1BVCB,MENS WATCH W96H-1BVCB,MENS WATCH W96H-1BVCB,MENS WATCH W96H-1BVCB,Others,Impulse,Watches,CASIO,CASIO,79767802387,79767802387,,,,,,,,,,,,,,,,,,,,,,,,,,,,,,,,,,,,,,,,,
,,GIRLS CASIO WATCH,GIRLS CASIO WATCH,GIRLS CASIO WATCH,GIRLS CASIO WATCH,Others,Impulse,Watches,CASIO,CASIO,79767989125,79767989125,,,,,,,,,,,,,,,,,,,,,,,,,,,,,,,,,,,,,,,,,
,CASF91W-1,Casio Men s F91W-1 Classic Black Digital Resin Strap Watch,Casio Men s F91W-1 Classic Black Digital Resin Strap Watch,Casio Men s F91W-1 Classic Black Digital Resin Strap Watch,Casio Men s F91W-1 Classic Black Digital Resin Strap Watch,Others,Impulse,Watches,CASIO,CASIO,79767246280,79767246280,,,,,,,,,,,,,,,,,,,,,,,,,,,,,,,,,,,,,,,,,
,,LADY BLACK WATCH,LADY BLACK WATCH,LADY BLACK WATCH,LADY BLACK WATCH,Others,Impulse,Watches,CASIO,CASIO,79767538835,79767538835,,,,,,,,,,,,,,,,,,,,,,,,,,,,,,,,,,,,,,,,,
,,CASIO LADIES ANALOG WATCH,CASIO LADIES ANALOG WATCH,CASIO LADIES ANALOG WATCH,CASIO LADIES ANALOG WATCH,Others,Impulse,Watches,CASIO,CASIO,79767831325,79767831325,,,,,,,,,,,,,,,,,,,,,,,,,,,,,,,,,,,,,,,,,
,,CASIO WATCH 3363,CASIO WATCH 3363,CASIO WATCH 3363,CASIO WATCH 3363,Others,Impulse,Watches,CASIO,CASIO,79767989064,79767989064,,,,,,,,,,,,,,,,,,,,,,,,,,,,,,,,,,,,,,,,,
,CA-53w-1,CASIO CALCULATOR WATCH,CASIO CALCULATOR WATCH,CASIO CALCULATOR WATCH,CASIO CALCULATOR WATCH,Others,Impulse,Watches,CASIO,CASIO,79767223403,79767223403,,,,,,,,,,,,,,,,,,,,,,,,,,,,,,,,,,,,,,,,,
,,CASIO DIGITAL WATCH,CASIO DIGITAL WATCH,CASIO DIGITAL WATCH,CASIO DIGITAL WATCH,Others,Impulse,Watches,CASIO,CASIO,79767246402,79767246402,,,,,,,,,,,,,,,,,,,,,,,,,,,,,,,,,,,,,,,,,
,,CASIO DIGITAL WATCH,CASIO DIGITAL WATCH,CASIO DIGITAL WATCH,CASIO DIGITAL WATCH,Others,Impulse,Watches,CASIO,CASIO,79767541255,79767541255,,,,,,,,,,,,,,,,,,,,,,,,,,,,,,,,,,,,,,,,,
,lrw-200h-4b2vcf,PINK CASIO WATCH,PINK CASIO WATCH,PINK CASIO WATCH,PINK CASIO WATCH,Others,Impulse,Watches,CASIO,CASIO,79767989095,79767989095,,,,,,,,,,,,,,,,,,,,,,,,,,,,,,,,,,,,,,,,,
,,CASIO DIGITAL WATCH,CASIO DIGITAL WATCH,CASIO DIGITAL WATCH,CASIO DIGITAL WATCH,Others,Impulse,Watches,CASIO,CASIO,889232140780,889232140780,,,,,,,,,,,,,,,,,,,,,,,,,,,,,,,,,,,,,,,,,
,,CASIO WATCH,CASIO WATCH,CASIO WATCH,CASIO WATCH,Others,Impulse,Watches,CASIO,CASIO,889232102375,889232102375,,,,,,,,,,,,,,,,,,,,,,,,,,,,,,,,,,,,,,,,,
,la-11wl-4acf,CASIO WATCH,CASIO WATCH,CASIO WATCH,CASIO WATCH,Others,Impulse,Watches,CASIO,CASIO,889232142340,889232142340,,,,,,,,,,,,,,,,,,,,,,,,,,,,,,,,,,,,,,,,,
,,CALCUATOR WATCH,CALCUATOR WATCH,CALCUATOR WATCH,CALCUATOR WATCH,Others,Impulse,Watches,CASIO,CASIO,889232267494,889232267494,,,,,,,,,,,,,,,,,,,,,,,,,,,,,,,,,,,,,,,,,
,,CASIO WATCH,CASIO WATCH,CASIO WATCH,CASIO WATCH,Others,Impulse,Watches,CASIO,CASIO,889232104218,889232104218,,,,,,,,,,,,,,,,,,,,,,,,,,,,,,,,,,,,,,,,,
,,PINK CASIO WATCH,PINK CASIO WATCH,PINK CASIO WATCH,PINK CASIO WATCH,Others,Impulse,Watches,CASIO,CASIO,889232169873,889232169873,,,,,,,,,,,,,,,,,,,,,,,,,,,,,,,,,,,,,,,,,
,CASMQ24-1B2,CASIO Men Watch,CASIO Men Watch,CASIO Men Watch,CASIO Men Watch,Others,Impulse,Watches,Casio,Casio,79767572440,79767572440,,,,,,,,,,,,,,,,,,,,,,,,,,,,,,,,,,,,,,,,,
,,CASIO WATCH 50M WATER RES,CASIO WATCH 50M WATER RES,CASIO WATCH 50M WATER RES,CASIO WATCH 50M WATER RES,Others,Impulse,Watches,CASIO,CASIO,79767751098,79767751098,,,,,,,,,,,,,,,,,,,,,,,,,,,,,,,,,,,,,,,,,
,,WATCH 50M,WATCH 50M,WATCH 50M,WATCH 50M,Others,Impulse,Watches,CASIO,CASIO,79767816629,79767816629,,,,,,,,,,,,,,,,,,,,,,,,,,,,,,,,,,,,,,,,,
,,BGC WATCH,BGC WATCH,BGC WATCH,BGC WATCH,Others,Impulse,Watches,CASIO,CASIO,79767230180,79767230180,,,,,,,,,,,,,,,,,,,,,,,,,,,,,,,,,,,,,,,,,
,MQ24-7B3,Casio Women's Classic Analog Watch,Casio Women's Classic Analog Watch,Casio Women's Classic Analog Watch,Casio Women's Classic Analog Watch,Others,Impulse,Watches,CASIO,CASIO,79767831301,79767831301,,,,,,,,,,,,,,,,,,,,,,,,,,,,,,,,,,,,,,,,,
,lrw-200h-7bvcf,GIRLS CASIO WATCH,GIRLS CASIO WATCH,GIRLS CASIO WATCH,GIRLS CASIO WATCH,Others,Impulse,Watches,CASIO,CASIO,79767954468,79767954468,,,,,,,,,,,,,,,,,,,,,,,,,,,,,,,,,,,,,,,,,
,CASMQ24-1B,Casio Men WATCH,Casio Men WATCH,Casio Men WATCH,Casio Men WATCH,Others,Impulse,Watches,CASIO,CASIO,79767234072,79767234072,,,,,,,,,,,,,,,,,,,,,,,,,,,,,,,,,,,,,,,,,
,,CASIO WATCH,CASIO WATCH,CASIO WATCH,CASIO WATCH,Others,Impulse,Watches,CASIO,CASIO,79767787349,79767787349,,,,,,,,,,,,,,,,,,,,,,,,,,,,,,,,,,,,,,,,,
,,CASIO WATCH,CASIO WATCH,CASIO WATCH,CASIO WATCH,Others,Impulse,Watches,CASIO,CASIO,79767954529,79767954529,,,,,,,,,,,,,,,,,,,,,,,,,,,,,,,,,,,,,,,,,
,,pink casio watch,pink casio watch,pink casio watch,pink casio watch,Others,Impulse,Watches,CASIO,CASIO,889232261072,889232261072,,,,,,,,,,,,,,,,,,,,,,,,,,,,,,,,,,,,,,,,,
,,CASIO WATCH,CASIO WATCH,CASIO WATCH,CASIO WATCH,Others,Impulse,Watches,CASIO,CASIO,889232142371,889232142371,,,,,,,,,,,,,,,,,,,,,,,,,,,,,,,,,,,,,,,,,
,,CALCUATOR WATCH,CALCUATOR WATCH,CALCUATOR WATCH,CALCUATOR WATCH,Others,Impulse,Watches,CASIO,CASIO,889232267500,889232267500,,,,,,,,,,,,,,,,,,,,,,,,,,,,,,,,,,,,,,,,,
,,CASIO WACH,CASIO WACH,CASIO WACH,CASIO WACH,Others,Impulse,Watches,CASIO,CASIO,889232122007,889232122007,,,,,,,,,,,,,,,,,,,,,,,,,,,,,,,,,,,,,,,,,
,,casio watch girls gray,casio watch girls gray,casio watch girls gray,casio watch girls gray,Others,Impulse,Watches,CASIO,CASIO,889232169903,889232169903,,,,,,,,,,,,,,,,,,,,,,,,,,,,,,,,,,,,,,,,,
,,casio,casio,casio,casio,Others,Impulse,Watches,CASIO,CASIO,889232213002,889232213002,,,,,,,,,,,,,,,,,,,,,,,,,,,,,,,,,,,,,,,,,
,MQ-24D-7E,CASIO MENS METAL,CASIO MENS METAL,CASIO MENS METAL,CASIO MENS METAL,Others,Impulse,Watches,CASIO,CASIO,889232219035,889232219035,,,,,,,,,,,,,,,,,,,,,,,,,,,,,,,,,,,,,,,,,
,,CASIO DIGITAL WATCH,CASIO DIGITAL WATCH,CASIO DIGITAL WATCH,CASIO DIGITAL WATCH,Others,Impulse,Watches,CASIO,CASIO,889232221786,889232221786,,,,,,,,,,,,,,,,,,,,,,,,,,,,,,,,,,,,,,,,,
,,CASIO WATCH,CASIO WATCH,CASIO WATCH,CASIO WATCH,Others,Impulse,Watches,CASIO,CASIO,889232267890,889232267890,,,,,,,,,,,,,,,,,,,,,,,,,,,,,,,,,,,,,,,,,
,,CASIO WATCH,CASIO WATCH,CASIO WATCH,CASIO WATCH,Others,Impulse,Watches,CASIO,CASIO,889232287775,889232287775,,,,,,,,,,,,,,,,,,,,,,,,,,,,,,,,,,,,,,,,,
,,CASIO LADIES WATCH,CASIO LADIES WATCH,CASIO LADIES WATCH,CASIO LADIES WATCH,Others,Impulse,Watches,CASIO,CASIO,889232294551,889232294551,,,,,,,,,,,,,,,,,,,,,,,,,,,,,,,,,,,,,,,,,
,,CASIO WATCH,CASIO WATCH,CASIO WATCH,CASIO WATCH,Others,Impulse,Watches,CASIO,CASIO,889232317731,889232317731,,,,,,,,,,,,,,,,,,,,,,,,,,,,,,,,,,,,,,,,,
,,CASIO WATCH,CASIO WATCH,CASIO WATCH,CASIO WATCH,Others,Impulse,Watches,CASIO,CASIO,889232321769,889232321769,,,,,,,,,,,,,,,,,,,,,,,,,,,,,,,,,,,,,,,,,
,,CASIO WATCH,CASIO WATCH,CASIO WATCH,CASIO WATCH,Others,Impulse,Watches,CASIO,CASIO,889232321820,889232321820,,,,,,,,,,,,,,,,,,,,,,,,,,,,,,,,,,,,,,,,,
,,CASIO WATCH,CASIO WATCH,CASIO WATCH,CASIO WATCH,Others,Impulse,Watches,CASIO,CASIO,889232351179,889232351179,,,,,,,,,,,,,,,,,,,,,,,,,,,,,,,,,,,,,,,,,
,,CASIO WATCH,CASIO WATCH,CASIO WATCH,CASIO WATCH,Others,Impulse,Watches,CASIO,CASIO,889232351551,889232351551,,,,,,,,,,,,,,,,,,,,,,,,,,,,,,,,,,,,,,,,,
,,CASIO WATCH,CASIO WATCH,CASIO WATCH,CASIO WATCH,Others,Impulse,Watches,Casio,Casio,4971850439615,4971850439615,,,,,,,,,,,,,,,,,,,,,,,,,,,,,,,,,,,,,,,,,
,,casio watch,casio watch,casio watch,casio watch,Others,Impulse,Watches,CASIO,CASIO,79767746087,79767746087,,,,,,,,,,,,,,,,,,,,,,,,,,,,,,,,,,,,,,,,,
,,CASIO MENS ANALOG WATCH,CASIO MENS ANALOG WATCH,CASIO MENS ANALOG WATCH,CASIO MENS ANALOG WATCH,Others,Impulse,Watches,CASIO,CASIO,79767907143,79767907143,,,,,,,,,,,,,,,,,,,,,,,,,,,,,,,,,,,,,,,,,
,,casio watch,casio watch,casio watch,casio watch,Others,Impulse,Watches,CASIO,CASIO,79767934552,79767934552,,,,,,,,,,,,,,,,,,,,,,,,,,,,,,,,,,,,,,,,,
,,casio watch,casio watch,casio watch,casio watch,Others,Impulse,Watches,CASIO,CASIO,79767958176,79767958176,,,,,,,,,,,,,,,,,,,,,,,,,,,,,,,,,,,,,,,,,
,,Casio Watch,Casio Watch,Casio Watch,Casio Watch,Others,Impulse,Watches,CASIO,CASIO,889232192697,889232192697,,,,,,,,,,,,,,,,,,,,,,,,,,,,,,,,,,,,,,,,,
,,Silver Casio Watch,Silver Casio Watch,Silver Casio Watch,Silver Casio Watch,Others,Impulse,Watches,CASIO,CASIO,889232326429,889232326429,,,,,,,,,,,,,,,,,,,,,,,,,,,,,,,,,,,,,,,,,
,,Casio Watch,Casio Watch,Casio Watch,Casio Watch,Others,Impulse,Watches,CASIO,CASIO,889232382340,889232382340,,,,,,,,,,,,,,,,,,,,,,,,,,,,,,,,,,,,,,,,,
,,casio watch,casio watch,casio watch,casio watch,Others,Impulse,Watches,CASIO,CASIO,79767859459,79767859459,,,,,,,,,,,,,,,,,,,,,,,,,,,,,,,,,,,,,,,,,
,,casio watch,casio watch,casio watch,casio watch,Others,Impulse,Watches,CASIO,CASIO,889232152851,889232152851,,,,,,,,,,,,,,,,,,,,,,,,,,,,,,,,,,,,,,,,,
,,casio watch,casio watch,casio watch,casio watch,Others,Impulse,Watches,CASIO,CASIO,889232213033,889232213033,,,,,,,,,,,,,,,,,,,,,,,,,,,,,,,,,,,,,,,,,
,,CASIO WATCH,CASIO WATCH,CASIO WATCH,CASIO WATCH,Others,Impulse,Watches,CASIO,CASIO,889232304434,889232304434,,,,,,,,,,,,,,,,,,,,,,,,,,,,,,,,,,,,,,,,,
,,CASIO WATCH,CASIO WATCH,CASIO WATCH,CASIO WATCH,Others,Impulse,Watches,CASIO,CASIO,497185074616,497185074616,,,,,,,,,,,,,,,,,,,,,,,,,,,,,,,,,,,,,,,,,
,,CASIO: WHITE CALCULATOR,CASIO: WHITE CALCULATOR,CASIO: WHITE CALCULATOR,CASIO: WHITE CALCULATOR,Others,Impulse,Watches,CASIO,CASIO,889232267517,889232267517,,,,,,,,,,,,,,,,,,,,,,,,,,,,,,,,,,,,,,,,,
,LW-204-4ACF,CASIO GIRL WATCH,CASIO GIRL WATCH,CASIO GIRL WATCH,CASIO GIRL WATCH,Others,Impulse,Watches,CASIO,CASIO,889232294636,889232294636,,,,,,,,,,,,,,,,,,,,,,,,,,,,,,,,,,,,,,,,,
,,CASIO WATCH,CASIO WATCH,CASIO WATCH,CASIO WATCH,Others,Impulse,Watches,CASIO,CASIO,889232317007,889232317007,,,,,,,,,,,,,,,,,,,,,,,,,,,,,,,,,,,,,,,,,
,,CASIO WATCH,CASIO WATCH,CASIO WATCH,CASIO WATCH,Others,Impulse,Watches,CASIO,CASIO,889232350004,889232350004,,,,,,,,,,,,,,,,,,,,,,,,,,,,,,,,,,,,,,,,,
,,CASIO WATCH,CASIO WATCH,CASIO WATCH,CASIO WATCH,Others,Impulse,Watches,CASIO,CASIO,889232368535,889232368535,,,,,,,,,,,,,,,,,,,,,,,,,,,,,,,,,,,,,,,,,
,,CASIO NAVY BLUE DIGITAL WATCH,CASIO NAVY BLUE DIGITAL WATCH,CASIO NAVY BLUE DIGITAL WATCH,CASIO NAVY BLUE DIGITAL WATCH,Others,Impulse,Watches,CASIO,CASIO,889232192727,889232192727,,,,,,,,,,,,,,,,,,,,,,,,,,,,,,,,,,,,,,,,,
,,casio watch,casio watch,casio watch,casio watch,Others,Impulse,Watches,CASIO,CASIO,889232224527,889232224527,,,,,,,,,,,,,,,,,,,,,,,,,,,,,,,,,,,,,,,,,
,,CASIO DIGITAL WATCH,CASIO DIGITAL WATCH,CASIO DIGITAL WATCH,CASIO DIGITAL WATCH,Others,Impulse,Watches,CASIO,CASIO,889232140810,889232140810,,,,,,,,,,,,,,,,,,,,,,,,,,,,,,,,,,,,,,,,,
,,CASIO WATCH,CASIO WATCH,CASIO WATCH,CASIO WATCH,Others,Impulse,Watches,CASIO,CASIO,889232294674,889232294674,,,,,,,,,,,,,,,,,,,,,,,,,,,,,,,,,,,,,,,,,
,,CASIO WATCH,CASIO WATCH,CASIO WATCH,CASIO WATCH,Others,Impulse,Watches,CASIO,CASIO,889232317038,889232317038,,,,,,,,,,,,,,,,,,,,,,,,,,,,,,,,,,,,,,,,,
,,casio watch,casio watch,casio watch,casio watch,Others,Impulse,Watches,CASIO,CASIO,889232152820,889232152820,,,,,,,,,,,,,,,,,,,,,,,,,,,,,,,,,,,,,,,,,
,,CASIO WATCH,CASIO WATCH,CASIO WATCH,CASIO WATCH,Others,Impulse,Watches,CASIO,CASIO,889232317069,889232317069,,,,,,,,,,,,,,,,,,,,,,,,,,,,,,,,,,,,,,,,,
,,CASIO LARGE DIGITAL WATCH NAV,CASIO LARGE DIGITAL WATCH NAV,CASIO LARGE DIGITAL WATCH NAV,CASIO LARGE DIGITAL WATCH NAV,Others,Impulse,Watches,CASIO,CASIO,889232351407,889232351407,,,,,,,,,,,,,,,,,,,,,,,,,,,,,,,,,,,,,,,,,
,,CASIO MENS LEATHER WATCH,CASIO MENS LEATHER WATCH,CASIO MENS LEATHER WATCH,CASIO MENS LEATHER WATCH,Others,Impulse,Watches,CASIO,CASIO,4971850082644,4971850082644,,,,,,,,,,,,,,,,,,,,,,,,,,,,,,,,,,,,,,,,,
,,casio watch,casio watch,casio watch,casio watch,Others,Impulse,Watches,CASIO,CASIO,79767433994,79767433994,,,,,,,,,,,,,,,,,,,,,,,,,,,,,,,,,,,,,,,,,
,,casio silver clear,casio silver clear,casio silver clear,casio silver clear,Others,Impulse,Watches,CASIO,CASIO,889232261102,889232261102,,,,,,,,,,,,,,,,,,,,,,,,,,,,,,,,,,,,,,,,,
,,casio watch,casio watch,casio watch,casio watch,Others,Impulse,Watches,CASIO,CASIO,889232294599,889232294599,,,,,,,,,,,,,,,,,,,,,,,,,,,,,,,,,,,,,,,,,
,,CASIO WATCH,CASIO WATCH,CASIO WATCH,CASIO WATCH,Others,Impulse,Watches,CASIO,CASIO,889232316970,889232316970,,,,,,,,,,,,,,,,,,,,,,,,,,,,,,,,,,,,,,,,,
,,casio la 20 whs,casio la 20 whs,casio la 20 whs,casio la 20 whs,Others,Impulse,Watches,CASIO,CASIO,889232345505,889232345505,,,,,,,,,,,,,,,,,,,,,,,,,,,,,,,,,,,,,,,,,
,,CASIO WATCH,CASIO WATCH,CASIO WATCH,CASIO WATCH,Others,Impulse,Watches,CASIO,CASIO,79767827700,79767827700,,,,,,,,,,,,,,,,,,,,,,,,,,,,,,,,,,,,,,,,,
,,casio watch,casio watch,casio watch,casio watch,Others,Impulse,Watches,CASIO,CASIO,4971850057321,4971850057321,,,,,,,,,,,,,,,,,,,,,,,,,,,,,,,,,,,,,,,,,
,,CASIO WATCH,CASIO WATCH,CASIO WATCH,CASIO WATCH,Others,Impulse,Watches,CASIO,CASIO,79767443320,79767443320,,,,,,,,,,,,,,,,,,,,,,,,,,,,,,,,,,,,,,,,,
,,casio watch,casio watch,casio watch,casio watch,Others,Impulse,Watches,CASIO,CASIO,889232294704,889232294704,,,,,,,,,,,,,,,,,,,,,,,,,,,,,,,,,,,,,,,,,
,,CASIO WATCH,CASIO WATCH,CASIO WATCH,CASIO WATCH,Others,Impulse,Watches,CASIO,CASIO,889232351209,889232351209,,,,,,,,,,,,,,,,,,,,,,,,,,,,,,,,,,,,,,,,,
,,CASIO WATCH,CASIO WATCH,CASIO WATCH,CASIO WATCH,Others,Impulse,Watches,CASIO,CASIO,889232222004,889232222004,,,,,,,,,,,,,,,,,,,,,,,,,,,,,,,,,,,,,,,,,
,,CASIO WATCH,CASIO WATCH,CASIO WATCH,CASIO WATCH,Others,Impulse,Watches,CASIO,CASIO,889232351322,889232351322,,,,,,,,,,,,,,,,,,,,,,,,,,,,,,,,,,,,,,,,,
,,Casio calculator,Casio calculator,Casio calculator,Casio calculator,Others,Impulse,Watches,CASIO,CASIO,889232600741,889232600741,,,,,,,,,,,,,,,,,,,,,,,,,,,,,,,,,,,,,,,,,
,LWS-1200H-7A2VCF,casio digital ladies weatch,casio digital ladies weatch,casio digital ladies weatch,casio digital ladies weatch,Others,Impulse,Watches,CASIO,CASIO,889232322148,889232322148,,,,,,,,,,,,,,,,,,,,,,,,,,,,,,,,,,,,,,,,,
,MQ-24-7B3,MEN'S CASIO WATCH,MEN'S CASIO WATCH,MEN'S CASIO WATCH,MEN'S CASIO WATCH,Others,Impulse,Watches,Casio,Casio,4971850439219,4971850439219,,,,,,,,,,,,,,,,,,,,,,,,,,,,,,,,,,,,,,,,,
,MQ-24-1B,MEN'S CASIO WATCH,MEN'S CASIO WATCH,MEN'S CASIO WATCH,MEN'S CASIO WATCH,Others,Impulse,Watches,Casio,Casio,4971850439165,4971850439165,,,,,,,,,,,,,,,,,,,,,,,,,,,,,,,,,,,,,,,,,
,MQ24-1B,Casio Men Analog Quartz Water Resist Black Resin,Casio Men Analog Quartz Water Resist Black Resin,Casio Men Analog Quartz Water Resist Black Resin,Casio Men Analog Quartz Water Resist Black Resin,Others,Impulse,Watches,CASIO,CASIO,4549526378881,4549526378881,,,,,,,,,,,,,,,,,,,,,,,,,,,,,,,,,,,,,,,,,
,MQ24-1B2,Casio Men Analog Watch,Casio Men Analog Watch,Casio Men Analog Watch,Casio Men Analog Watch,Others,Impulse,Watches,CASIO,CASIO,751744745046,751744745046,,,,,,,,,,,,,,,,,,,,,,,,,,,,,,,,,,,,,,,,,
,,casio watch girls black,casio watch girls black,casio watch girls black,casio watch girls black,Others,Impulse,Watches,CASIO,CASIO,79767944919,79767944919,,,,,,,,,,,,,,,,,,,,,,,,,,,,,,,,,,,,,,,,,
,CASA158W-1,CASIO DIGITAL WATCH 30M WATER RESISTANT ALARM A158-1,CASIO DIGITAL WATCH 30M WATER RESISTANT ALARM A158-1,CASIO DIGITAL WATCH 30M WATER RESISTANT ALARM A158-1,CASIO DIGITAL WATCH 30M WATER RESISTANT ALARM A158-1,Others,Impulse,Watches,CASIO,CASIO,940356553204,940356553204,,,,,,,,,,,,,,,,,,,,,,,,,,,,,,,,,,,,,,,,,
,CASCA53W-1,Casio Mens CA53W-1 Classic Sport Calculator Watch,Casio Mens CA53W-1 Classic Sport Calculator Watch,Casio Mens CA53W-1 Classic Sport Calculator Watch,Casio Mens CA53W-1 Classic Sport Calculator Watch,Others,Impulse,Watches,CASIO,CASIO,940356554447,940356554447,,,,,,,,,,,,,,,,,,,,,,,,,,,,,,,,,,,,,,,,,
,CASMQ24-7B,Casio Men's Analog Quartz Black Resin Watch MQ24-7B,Casio Men's Analog Quartz Black Resin Watch MQ24-7B,Casio Men's Analog Quartz Black Resin Watch MQ24-7B,Casio Men's Analog Quartz Black Resin Watch MQ24-7B,Others,Impulse,Watches,CASIO,CASIO,79767734114,79767734114,,,,,,,,,,,,,,,,,,,,,,,,,,,,,,,,,,,,,,,,,
,EMCOWATCHES,Casio F91 Pink,Casio F91 Pink,Casio F91 Pink,Casio F91 Pink,Others,Impulse,Watches,CASIO,CASIO,EMCOWATCHES,EMCOWATCHES,,,,,,,,,,,,,,,,,,,,,,,,,,,,,,,,,,,,,,,,,