Picture,Number,Name(Zh),Name(En),Name(Es),Name(It),Category,Custom Category,Brand,Custom Brand,UPC Code,Origin(UPC),Description,IPK Code,Origin(IPK),Case Code,Origin(Case),Craft(Zh),Craft(En),Craft(Es),Craft(It),Case Rate,Case Length(ft),Case Width(ft),Case Height(ft),Case Cube(ftÂ³),Case Weight(lb),Layer Rate(Case),Pallet Rate(Case),IPK Rate,IPK Length(ft),IPK Width(ft),IPK Height(ft),IPK Cube(ftÂ³),IPK Weight(lb),Layer Rate(IPK),Pallet Rate(IPK),Dozen Rate,Dozen Length(ft),Dozen Width(ft),Dozen Height(ft),Dozen Cube(ftÂ³),Dozen Weight(lb),Layer Rate(Dozen),Pallet Rate(Dozen),Piece Length(ft),Piece Width(ft),Piece Height(ft),Piece Cube(ftÂ³),Piece Weight(lb),Layer Rate(Piece),Pallet Rate(Piece),Future Sale Manage Rate,Product URL
,MMS032,Metal Earth White House,Metal Earth White House,Metal Earth White House,Metal Earth White House,Others,Puzzles & Accessories,METAL EARTH,METAL EARTH,32309010329,32309010329,,,,,,,,,,,,,,,,,,,,,,,,,,,,,,,,,,,,,,,,,,https://www.metalearth.com/?p=32309010329
,MMS048,Metal Earth Brooklyn Bridge,Metal Earth Brooklyn Bridge,Metal Earth Brooklyn Bridge,Metal Earth Brooklyn Bridge,Others,Puzzles & Accessories,METAL EARTH,METAL EARTH,32309010480,32309010480,,,,,,,,,,,,,,,,,,,,,,,,,,,,,,,,,,,,,,,,,,https://www.metalearth.com/?p=32309010480
,MMS075,Metal Earth Electric Bass Guitar,Metal Earth Electric Bass Guitar,Metal Earth Electric Bass Guitar,Metal Earth Electric Bass Guitar,Others,Puzzles & Accessories,METAL EARTH,METAL EARTH,32309010756,32309010756,,,,,,,,,,,,,,,,,,,,,,,,,,,,,,,,,,,,,,,,,,https://www.metalearth.com/?p=32309010756
,MMS115,Metal Earth Fire Engine Truck,Metal Earth Fire Engine Truck,Metal Earth Fire Engine Truck,Metal Earth Fire Engine Truck,Others,Puzzles & Accessories,METAL EARTH,METAL EARTH,32309011159,32309011159,,,,,,,,,,,,,,,,,,,,,,,,,,,,,,,,,,,,,,,,,,https://www.metalearth.com/?p=32309011159
,ICX010,Premium Series - Empire State Building,Premium Series - Empire State Building,Premium Series - Empire State Building,Premium Series - Empire State Building,Others,Puzzles & Accessories,METAL EARTH,METAL EARTH,32309013108,32309013108,,,,,,,,,,,,,,,,,,,,,,,,,,,,,,,,,,,,,,,,,,https://www.metalearth.com/?p=32309013108
,MMS016,Metal Earth Eiffel Tower,Metal Earth Eiffel Tower,Metal Earth Eiffel Tower,Metal Earth Eiffel Tower,Others,Puzzles & Accessories,METAL EARTH,METAL EARTH,32309010169,32309010169,,,,,,,,,,,,,,,,,,,,,,,,,,,,,,,,,,,,,,,,,,https://www.metalearth.com/?p=32309010169
,,P-51D Mustang,P-51D Mustang,P-51D Mustang,P-51D Mustang,Others,Puzzles & Accessories,METAL EARTH,METAL EARTH,32309011807,32309011807,,,,,,,,,,,,,,,,,,,,,,,,,,,,,,,,,,,,,,,,,,https://www.metalearth.com/?p=32309011807
,MMS206,Metal Earth - M1 Abrams Tank,Metal Earth - M1 Abrams Tank,Metal Earth - M1 Abrams Tank,Metal Earth - M1 Abrams Tank,Others,Puzzles & Accessories,METAL EARTH,METAL EARTH,32309012064,32309012064,,,,,,,,,,,,,,,,,,,,,,,,,,,,,,,,,,,,,,,,,,https://www.metalearth.com/?p=32309012064
,#icx011,metal earth eiffel tower,metal earth eiffel tower,metal earth eiffel tower,metal earth eiffel tower,Others,Puzzles & Accessories,METAL EARTH,METAL EARTH,32309013115,32309013115,,,,,,,,,,,,,,,,,,,,,,,,,,,,,,,,,,,,,,,,,,https://www.metalearth.com/?p=32309013115
,,METAL EARTH SEATLE SPACE NEEDLE,METAL EARTH SEATLE SPACE NEEDLE,METAL EARTH SEATLE SPACE NEEDLE,METAL EARTH SEATLE SPACE NEEDLE,Others,Puzzles & Accessories,METAL EARTH,METAL EARTH,32309010145,32309010145,,,,,,,,,,,,,,,,,,,,,,,,,,,,,,,,,,,,,,,,,,https://www.metalearth.com/?p=32309010145
,MMS030,Metal Earth Titanic ship,Metal Earth Titanic ship,Metal Earth Titanic ship,Metal Earth Titanic ship,Others,Puzzles & Accessories,METAL EARTH,METAL EARTH,32309010305,32309010305,,,,,,,,,,,,,,,,,,,,,,,,,,,,,,,,,,,,,,,,,,https://www.metalearth.com/?p=32309010305
,MMS074,Metal Earth Electric Lead Guitar,Metal Earth Electric Lead Guitar,Metal Earth Electric Lead Guitar,Metal Earth Electric Lead Guitar,Others,Puzzles & Accessories,METAL EARTH,METAL EARTH,32309010749,32309010749,,,,,,,,,,,,,,,,,,,,,,,,,,,,,,,,,,,,,,,,,,https://www.metalearth.com/?p=32309010749
,,Metal Earth Crawler Crane,Metal Earth Crawler Crane,Metal Earth Crawler Crane,Metal Earth Crawler Crane,Others,Puzzles & Accessories,METAL EARTH,METAL EARTH,32309010923,32309010923,,,,,,,,,,,,,,,,,,,,,,,,,,,,,,,,,,,,,,,,,,https://www.metalearth.com/?p=32309010923
,ICXX002,METAL EARTH US CAPITOL,METAL EARTH US CAPITOL,METAL EARTH US CAPITOL,METAL EARTH US CAPITOL,Others,Puzzles & Accessories,METAL EARTH,METAL EARTH,32309013023,32309013023,,,,,,,,,,,,,,,,,,,,,,,,,,,,,,,,,,,,,,,,,,https://www.metalearth.com/?p=32309013023
,MMT002,Metal Earth Tool Kit,Metal Earth Tool Kit,Metal Earth Tool Kit,Metal Earth Tool Kit,Others,Puzzles & Accessories,METAL EARTH,METAL EARTH,32309001006,32309001006,,,,,,,,,,,,,,,,,,,,,,,,,,,,,,,,,,,,,,,,,,https://www.metalearth.com/?p=32309001006
,MMS076,Metal Earth - Drum Set,Metal Earth - Drum Set,Metal Earth - Drum Set,Metal Earth - Drum Set,Others,Puzzles & Accessories,METAL EARTH,METAL EARTH,32309010763,32309010763,,,,,,,,,,,,,,,,,,,,,,,,,,,,,,,,,,,,,,,,,,https://www.metalearth.com/?p=32309010763
,MMS185,Metal Earth Excavator,Metal Earth Excavator,Metal Earth Excavator,Metal Earth Excavator,Others,Puzzles & Accessories,METAL EARTH,METAL EARTH,32309011852,32309011852,,,,,,,,,,,,,,,,,,,,,,,,,,,,,,,,,,,,,,,,,,https://www.metalearth.com/?p=32309011852
,MMT001,3-Piece Tool Kit Metal Earth,3-Piece Tool Kit Metal Earth,3-Piece Tool Kit Metal Earth,3-Piece Tool Kit Metal Earth,Others,Puzzles & Accessories,METAL EARTH,METAL EARTH,32309001051,32309001051,,,,,,,,,,,,,,,,,,,,,,,,,,,,,,,,,,,,,,,,,,https://www.metalearth.com/?p=32309001051
,MMS022,Metal Earth London Tower Bridge,Metal Earth London Tower Bridge,Metal Earth London Tower Bridge,Metal Earth London Tower Bridge,Others,Puzzles & Accessories,METAL EARTH,METAL EARTH,32309010220,32309010220,,,,,,,,,,,,,,,,,,,,,,,,,,,,,,,,,,,,,,,,,,https://www.metalearth.com/?p=32309010220
,MMS038,Metal Earth Windmill,Metal Earth Windmill,Metal Earth Windmill,Metal Earth Windmill,Others,Puzzles & Accessories,METAL EARTH,METAL EARTH,32309010381,32309010381,,,,,,,,,,,,,,,,,,,,,,,,,,,,,,,,,,,,,,,,,,https://www.metalearth.com/?p=32309010381
,MMS080,Metal Earth Grand Piano,Metal Earth Grand Piano,Metal Earth Grand Piano,Metal Earth Grand Piano,Others,Puzzles & Accessories,METAL EARTH,METAL EARTH,32309010800,32309010800,,,,,,,,,,,,,,,,,,,,,,,,,,,,,,,,,,,,,,,,,,https://www.metalearth.com/?p=32309010800
,MMS010,Metal Earth Empire State building,Metal Earth Empire State building,Metal Earth Empire State building,Metal Earth Empire State building,Others,Puzzles & Accessories,METAL EARTH,METAL EARTH,32309010107,32309010107,,,,,,,,,,,,,,,,,,,,,,,,,,,,,,,,,,,,,,,,,,https://www.metalearth.com/?p=32309010107
,,Metal Earth Lighthouse,Metal Earth Lighthouse,Metal Earth Lighthouse,Metal Earth Lighthouse,Others,Puzzles & Accessories,METAL EARTH,METAL EARTH,32309010404,32309010404,,,,,,,,,,,,,,,,,,,,,,,,,,,,,,,,,,,,,,,,,,https://www.metalearth.com/?p=32309010404
,MMS081,Metal Earth Bass Fiddle,Metal Earth Bass Fiddle,Metal Earth Bass Fiddle,Metal Earth Bass Fiddle,Others,Puzzles & Accessories,METAL EARTH,METAL EARTH,32309010817,32309010817,,,,,,,,,,,,,,,,,,,,,,,,,,,,,,,,,,,,,,,,,,https://www.metalearth.com/?p=32309010817
,MMS049G,Metal Earth Golden Hind ship - GOLD,Metal Earth Golden Hind ship - GOLD,Metal Earth Golden Hind ship - GOLD,Metal Earth Golden Hind ship - GOLD,Others,Puzzles & Accessories,METAL EARTH,METAL EARTH,32309015041,32309015041,,,,,,,,,,,,,,,,,,,,,,,,,,,,,,,,,,,,,,,,,,https://www.metalearth.com/?p=32309015041
,MMS025,METAL EARTH BRANDENBURG GATE,METAL EARTH BRANDENBURG GATE,METAL EARTH BRANDENBURG GATE,METAL EARTH BRANDENBURG GATE,Others,Puzzles & Accessories,METAL EARTH,METAL EARTH,32309010251,32309010251,,,,,,,,,,,,,,,,,,,,,,,,,,,,,,,,,,,,,,,,,,https://www.metalearth.com/?p=32309010251
,MMS044,Metal Earth Ferris Wheel,Metal Earth Ferris Wheel,Metal Earth Ferris Wheel,Metal Earth Ferris Wheel,Others,Puzzles & Accessories,METAL EARTH,METAL EARTH,32309010442,32309010442,,,,,,,,,,,,,,,,,,,,,,,,,,,,,,,,,,,,,,,,,,https://www.metalearth.com/?p=32309010442
,MMS089,Metal Earth Merry Go Round,Metal Earth Merry Go Round,Metal Earth Merry Go Round,Metal Earth Merry Go Round,Others,Puzzles & Accessories,METAL EARTH,METAL EARTH,32309010893,32309010893,,,,,,,,,,,,,,,,,,,,,,,,,,,,,,,,,,,,,,,,,,https://www.metalearth.com/?p=32309010893
,,Metal Earth Supermarine Spitfire,Metal Earth Supermarine Spitfire,Metal Earth Supermarine Spitfire,Metal Earth Supermarine Spitfire,Others,Puzzles & Accessories,METAL EARTH,METAL EARTH,32309000054,32309000054,,,,,,,,,,,,,,,,,,,,,,,,,,,,,,,,,,,,,,,,,,https://www.metalearth.com/?p=32309000054
,,Metal Earth Great White Shark,Metal Earth Great White Shark,Metal Earth Great White Shark,Metal Earth Great White Shark,Others,Puzzles & Accessories,METAL EARTH,METAL EARTH,32309000085,32309000085,,,,,,,,,,,,,,,,,,,,,,,,,,,,,,,,,,,,,,,,,,https://www.metalearth.com/?p=32309000085
,,Metal Earth Sopwith Camel,Metal Earth Sopwith Camel,Metal Earth Sopwith Camel,Metal Earth Sopwith Camel,Others,Puzzles & Accessories,METAL EARTH,METAL EARTH,32309000238,32309000238,,,,,,,,,,,,,,,,,,,,,,,,,,,,,,,,,,,,,,,,,,https://www.metalearth.com/?p=32309000238
,,Blue Angels F\A-18,Blue Angels F\A-18,Blue Angels F\A-18,Blue Angels F\A-18,Others,Puzzles & Accessories,METAL EARTH,METAL EARTH,32309001334,32309001334,,,,,,,,,,,,,,,,,,,,,,,,,,,,,,,,,,,,,,,,,,https://www.metalearth.com/?p=32309001334
,,Metal Earth - USS MIDWAY,Metal Earth - USS MIDWAY,Metal Earth - USS MIDWAY,Metal Earth - USS MIDWAY,Others,Puzzles & Accessories,METAL EARTH,METAL EARTH,32309001433,32309001433,,,,,,,,,,,,,,,,,,,,,,,,,,,,,,,,,,,,,,,,,,https://www.metalearth.com/?p=32309001433
,,DELOREAN,DELOREAN,DELOREAN,DELOREAN,Others,Puzzles & Accessories,METAL EARTH,METAL EARTH,32309011814,32309011814,,,,,,,,,,,,,,,,,,,,,,,,,,,,,,,,,,,,,,,,,,https://www.metalearth.com/?p=32309011814
,,metal earth gatling gun,metal earth gatling gun,metal earth gatling gun,metal earth gatling gun,Others,Puzzles & Accessories,METAL EARTH,METAL EARTH,32309011883,32309011883,,,,,,,,,,,,,,,,,,,,,,,,,,,,,,,,,,,,,,,,,,https://www.metalearth.com/?p=32309011883
,,Metal Earth 1931 Ford Model A,Metal Earth 1931 Ford Model A,Metal Earth 1931 Ford Model A,Metal Earth 1931 Ford Model A,Others,Puzzles & Accessories,METAL EARTH,METAL EARTH,32309011975,32309011975,,,,,,,,,,,,,,,,,,,,,,,,,,,,,,,,,,,,,,,,,,https://www.metalearth.com/?p=32309011975
,PS2008,Premium Series - Statue of Liberty,Premium Series - Statue of Liberty,Premium Series - Statue of Liberty,Premium Series - Statue of Liberty,Others,Puzzles & Accessories,METAL EARTH,METAL EARTH,32309020083,32309020083,,,,,,,,,,,,,,,,,,,,,,,,,,,,,,,,,,,,,,,,,,https://www.metalearth.com/?p=32309020083
,,London Tower Bridge,London Tower Bridge,London Tower Bridge,London Tower Bridge,Others,Puzzles & Accessories,METAL EARTH,METAL EARTH,32309020090,32309020090,,,,,,,,,,,,,,,,,,,,,,,,,,,,,,,,,,,,,,,,,,https://www.metalearth.com/?p=32309020090
,PS2018,Premium Series - Brooklyn Bridge,Premium Series - Brooklyn Bridge,Premium Series - Brooklyn Bridge,Premium Series - Brooklyn Bridge,Others,Puzzles & Accessories,METAL EARTH,METAL EARTH,32309220186,32309220186,,,,,,,,,,,,,,,,,,,,,,,,,,,,,,,,,,,,,,,,,,https://www.metalearth.com/?p=32309220186
,,PREMIUM SERIES B-2A SPIRIT,PREMIUM SERIES B-2A SPIRIT,PREMIUM SERIES B-2A SPIRIT,PREMIUM SERIES B-2A SPIRIT,Others,Puzzles & Accessories,METAL EARTH,METAL EARTH,32309013696,32309013696,,,,,,,,,,,,,,,,,,,,,,,,,,,,,,,,,,,,,,,,,,https://www.metalearth.com/?p=32309013696
,,F-22 RAPTOR,F-22 RAPTOR,F-22 RAPTOR,F-22 RAPTOR,Others,Puzzles & Accessories,METAL EARTH,METAL EARTH,32309000160,32309000160,,,,,,,,,,,,,,,,,,,,,,,,,,,,,,,,,,,,,,,,,,https://www.metalearth.com/?p=32309000160
,MMS468,Metal Earth - USPS LLV Mail Truck,Metal Earth - USPS LLV Mail Truck,Metal Earth - USPS LLV Mail Truck,Metal Earth - USPS LLV Mail Truck,Others,Puzzles & Accessories,METAL EARTH,METAL EARTH,32309024685,32309024685,,,,,,,,,,,,,,,,,,,,,,,,,,,,,,,,,,,,,,,,,,https://www.metalearth.com/?p=32309024685
,,METAL EARTH FLYING FORTRESS,METAL EARTH FLYING FORTRESS,METAL EARTH FLYING FORTRESS,METAL EARTH FLYING FORTRESS,Others,Puzzles & Accessories,METAL EARTH,METAL EARTH,32309000092,32309000092,,,,,,,,,,,,,,,,,,,,,,,,,,,,,,,,,,,,,,,,,,https://www.metalearth.com/?p=32309000092
,,kawasaki,kawasaki,kawasaki,kawasaki,Others,Puzzles & Accessories,METAL EARTH,METAL EARTH,32309220155,32309220155,,,,,,,,,,,,,,,,,,,,,,,,,,,,,,,,,,,,,,,,,,https://www.metalearth.com/?p=32309220155
,,Air Force One,Air Force One,Air Force One,Air Force One,Others,Puzzles & Accessories,METAL EARTH,METAL EARTH,32309000016,32309000016,,,,,,,,,,,,,,,,,,,,,,,,,,,,,,,,,,,,,,,,,,https://www.metalearth.com/?p=32309000016
,,Metal Earth Giraffe 3D Metal,Metal Earth Giraffe 3D Metal,Metal Earth Giraffe 3D Metal,Metal Earth Giraffe 3D Metal,Others,Puzzles & Accessories,METAL EARTH,METAL EARTH,32309000146,32309000146,,,,,,,,,,,,,,,,,,,,,,,,,,,,,,,,,,,,,,,,,,https://www.metalearth.com/?p=32309000146
,,metal earth black hawk,metal earth black hawk,metal earth black hawk,metal earth black hawk,Others,Puzzles & Accessories,METAL EARTH,METAL EARTH,32309024616,32309024616,,,,,,,,,,,,,,,,,,,,,,,,,,,,,,,,,,,,,,,,,,https://www.metalearth.com/?p=32309024616
,,metal earth sherman tank,metal earth sherman tank,metal earth sherman tank,metal earth sherman tank,Others,Puzzles & Accessories,METAL EARTH,METAL EARTH,32309012040,32309012040,,,,,,,,,,,,,,,,,,,,,,,,,,,,,,,,,,,,,,,,,,https://www.metalearth.com/?p=32309012040
,ME1028,Metal Earth - Grand Piano,Metal Earth - Grand Piano,Metal Earth - Grand Piano,Metal Earth - Grand Piano,Others,Puzzles & Accessories,METAL EARTH,METAL EARTH,32309000283,32309000283,,,,,,,,,,,,,,,,,,,,,,,,,,,,,,,,,,,,,,,,,,https://www.metalearth.com/?p=32309000283
,,THE SPRUCE GOOSE,THE SPRUCE GOOSE,THE SPRUCE GOOSE,THE SPRUCE GOOSE,Others,Puzzles & Accessories,METAL EARTH,METAL EARTH,32309220117,32309220117,,,,,,,,,,,,,,,,,,,,,,,,,,,,,,,,,,,,,,,,,,https://www.metalearth.com/?p=32309220117
,,1908 Ford Model T,1908 Ford Model T,1908 Ford Model T,1908 Ford Model T,Others,Puzzles & Accessories,METAL EARTH,METAL EARTH,32309015065,32309015065,,,,,,,,,,,,,,,,,,,,,,,,,,,,,,,,,,,,,,,,,,https://www.metalearth.com/?p=32309015065
,,GOLDEN GATE BRIDGE,GOLDEN GATE BRIDGE,GOLDEN GATE BRIDGE,GOLDEN GATE BRIDGE,Others,Puzzles & Accessories,METAL EARTH,METAL EARTH,32309220131,32309220131,,,,,,,,,,,,,,,,,,,,,,,,,,,,,,,,,,,,,,,,,,https://www.metalearth.com/?p=32309220131
,,SULTANA STREAMBOAT,SULTANA STREAMBOAT,SULTANA STREAMBOAT,SULTANA STREAMBOAT,Others,Puzzles & Accessories,METAL EARTH,METAL EARTH,32309000191,32309000191,,,,,,,,,,,,,,,,,,,,,,,,,,,,,,,,,,,,,,,,,,https://www.metalearth.com/?p=32309000191
,ME1036,Metal Earth - Trumpet,Metal Earth - Trumpet,Metal Earth - Trumpet,Metal Earth - Trumpet,Others,Puzzles & Accessories,METAL EARTH,METAL EARTH,32309000368,32309000368,,,,,,,,,,,,,,,,,,,,,,,,,,,,,,,,,,,,,,,,,,https://www.metalearth.com/?p=32309000368
,,metal earth keel billed toucan,metal earth keel billed toucan,metal earth keel billed toucan,metal earth keel billed toucan,Others,Puzzles & Accessories,METAL EARTH,METAL EARTH,32309000207,32309000207,,,,,,,,,,,,,,,,,,,,,,,,,,,,,,,,,,,,,,,,,,https://www.metalearth.com/?p=32309000207
,,metal earth spad s.xiii,metal earth spad s.xiii,metal earth spad s.xiii,metal earth spad s.xiii,Others,Puzzles & Accessories,METAL EARTH,METAL EARTH,32309000245,32309000245,,,,,,,,,,,,,,,,,,,,,,,,,,,,,,,,,,,,,,,,,,https://www.metalearth.com/?p=32309000245
,,metal earth tiger,metal earth tiger,metal earth tiger,metal earth tiger,Others,Puzzles & Accessories,METAL EARTH,METAL EARTH,32309000290,32309000290,,,,,,,,,,,,,,,,,,,,,,,,,,,,,,,,,,,,,,,,,,https://www.metalearth.com/?p=32309000290
,ME1034,Metal Earth - Lockheed SR-71 Blackbird,Metal Earth - Lockheed SR-71 Blackbird,Metal Earth - Lockheed SR-71 Blackbird,Metal Earth - Lockheed SR-71 Blackbird,Others,Puzzles & Accessories,METAL EARTH,METAL EARTH,32309000344,32309000344,,,,,,,,,,,,,,,,,,,,,,,,,,,,,,,,,,,,,,,,,,https://www.metalearth.com/?p=32309000344
,ME1046B,METAL EARTH F-16 Fighting Falcon Air Force,METAL EARTH F-16 Fighting Falcon Air Force,METAL EARTH F-16 Fighting Falcon Air Force,METAL EARTH F-16 Fighting Falcon Air Force,Others,Puzzles & Accessories,METAL EARTH,METAL EARTH,32309006469,32309006469,,,,,,,,,,,,,,,,,,,,,,,,,,,,,,,,,,,,,,,,,,https://www.metalearth.com/?p=32309006469
,PS2023,Premium Series - USS Nautilus,Premium Series - USS Nautilus,Premium Series - USS Nautilus,Premium Series - USS Nautilus,Others,Puzzles & Accessories,METAL EARTH,METAL EARTH,32309220230,32309220230,,,,,,,,,,,,,,,,,,,,,,,,,,,,,,,,,,,,,,,,,,https://www.metalearth.com/?p=32309220230
,PS2024,Premium Series - M4 Sherman,Premium Series - M4 Sherman,Premium Series - M4 Sherman,Premium Series - M4 Sherman,Others,Puzzles & Accessories,METAL EARTH,METAL EARTH,32309220247,32309220247,,,,,,,,,,,,,,,,,,,,,,,,,,,,,,,,,,,,,,,,,,https://www.metalearth.com/?p=32309220247
